{
    "uvs":[[0.434978,0.668413,0.409919,0.761225,0.376929,0.42816,0.40615,0.335348,0.972419,0.761225,0.676455,1.08212,0.717077,0.749051,0.939429,0.42816,0.640322,0.989305,0.684508,0.656239,0.96865,0.335348,0.629357,0.99223,0.439743,0.712127,0.563657,0.929028,0.464491,0.814194,0.669578,1.08504,0.412602,0.804939,0.570077,1.02184,0.42147,0.907006,0.508886,0.168218,0.338203,1.04215,0.322669,0.778916,0.510726,-0.095015,0.232269,1.35825,0.229476,1.09502,0.794769,1.35825,0.590405,0.484317,0.603919,0.221084,0.791976,1.09502,0.571826,0.45526,0.526196,0.282779,0.528082,0.22258,0.57324,0.395061,0.51212,0.209908,0.513958,0.151868,0.585989,0.497039,0.587032,0.438998,0.800675,1.37097,0.337116,1.08384,0.238175,1.37097,0.824954,1.32919,0.3251,1.15671,0.262454,1.32919,0.591191,0.430054,0.510709,0.113955,0.512554,-0.112729,0.602534,0.20337]],
    "faces":[41,2,0,1,3,2,3,0,1,0,1,2,3,41,3,7,6,2,4,5,6,7,3,4,5,0,41,7,5,4,6,5,8,9,6,4,6,7,5,41,0,4,5,1,3,9,8,0,1,7,6,2,41,0,2,6,4,10,7,6,9,1,0,5,7,41,1,5,10,8,0,8,11,12,2,6,8,9,41,8,10,14,12,12,11,13,14,9,8,10,11,41,5,7,11,10,8,5,15,11,6,4,12,8,41,7,3,9,11,5,1,16,15,4,3,13,12,41,3,1,8,9,1,0,12,16,3,2,9,13,41,14,15,13,12,13,17,18,14,10,14,15,11,41,10,11,15,14,11,15,17,13,8,12,14,10,41,11,9,13,15,15,16,18,17,12,13,15,14,41,9,8,12,13,16,12,14,18,13,9,11,15,41,17,19,18,16,19,20,21,22,16,17,0,18,41,19,23,22,18,20,23,24,21,17,19,5,0,41,23,21,20,22,25,26,27,28,19,20,21,5,41,30,28,38,39,29,30,31,32,22,23,24,25,41,16,18,22,20,22,21,28,27,18,0,5,21,41,28,24,36,38,30,33,34,31,23,26,27,24,41,26,30,39,37,35,29,32,36,28,22,25,29,41,21,23,27,26,26,25,37,35,20,19,30,28,41,23,19,25,27,23,20,38,39,19,17,31,30,41,19,17,24,25,20,19,33,38,17,16,26,31,41,30,31,29,28,29,40,41,30,22,32,33,23,41,26,27,31,30,35,37,40,29,28,30,32,22,41,27,25,29,31,39,38,41,42,30,31,33,32,41,25,24,28,29,38,33,30,41,31,26,23,33,41,35,33,32,34,43,44,45,46,34,35,36,37,41,33,35,37,36,44,43,36,34,35,34,29,27,41,36,37,39,38,34,36,32,31,27,29,25,24,41,21,26,37,35,26,35,36,43,20,28,29,34,41,24,17,33,36,33,19,44,34,26,16,35,27,41,16,20,34,32,22,27,46,45,18,21,37,36,41,20,21,35,34,27,26,43,46,21,20,34,37,41,17,16,32,33,19,22,45,44,16,18,36,35],
    "name":"Cube.003Geometry.2",
    "vertices":[-1.01516,-0,-1.60299,-1.01516,0.80821,-1.60299,-1.01516,-0,-1.99805,-1.01516,0.80821,-1.99805,1.01516,-0,-1.60299,1.01516,0.80821,-1.60299,1.01516,-0,-1.99805,1.01516,0.80821,-1.99805,-0.886125,0.864797,-1.60299,-0.886125,0.864797,-1.99805,0.886125,0.864797,-1.60299,0.886125,0.864797,-1.99805,-0.363286,0.911952,-1.60299,-0.363286,0.911952,-1.99805,0.363286,0.911952,-1.60299,0.363286,0.911952,-1.99805,-1,0,1.85998,-1,0.638756,1.85998,-1,-0,-1.85998,-1,0.638756,-1.85998,1,0,1.85998,1,0.638756,1.85998,1,-0,-1.85998,1,0.638756,-1.85998,-0.908357,0.704774,1.85998,-0.908357,0.704773,-1.85998,0.908357,0.704774,1.85998,0.908357,0.704773,-1.85998,-0.545654,0.742498,1.85998,-0.545654,0.742498,-1.85998,0.545654,0.742498,1.85998,0.545654,0.742498,-1.85998,-1,0.00158,1.93816,-1,0.551648,1.93816,1,0.00158,1.93816,1,0.551648,1.93816,-0.908357,0.6085,1.93816,0.908357,0.6085,1.93816,-0.545654,0.640986,1.93816,0.545654,0.640986,1.93816],
    "metadata":{
        "vertices":40,
        "uvs":1,
        "version":3,
        "type":"Geometry",
        "faces":36,
        "generator":"io_three",
        "normals":38
    },
    "normals":[-0.577349,-0.577349,-0.577349,-0.577349,-0.577349,0.577349,-0.668294,0.436659,0.602222,-0.668294,0.436659,-0.602222,0.668294,0.436659,-0.602222,0.577349,-0.577349,-0.577349,0.668294,0.436659,0.602222,0.577349,-0.577349,0.577349,0.18421,0.716697,0.672597,-0.18421,0.716697,0.672597,0.032228,0.716208,0.697104,-0.032228,0.716208,0.697104,0.18421,0.716697,-0.672597,-0.18421,0.716697,-0.672597,0.032228,0.716208,-0.697104,-0.032228,0.716208,-0.697104,-0.816187,0.502091,0.285867,-0.700125,0.358501,-0.61745,-0.704825,-0.709311,0.007141,0.700125,0.358501,-0.61745,0.816187,0.502091,0.285867,0.704825,-0.709311,0.007141,0.045198,0.900296,0.432875,-0.045198,0.900296,0.432875,-0.016602,0.333415,0.942625,0.016602,0.333415,0.942625,-0.310068,0.864834,0.394818,-0.154607,0.36964,0.916196,0.310068,0.864834,0.394818,0.154607,0.36964,0.916196,0.269417,0.707327,-0.653493,-0.269417,0.707327,-0.653493,0.037202,0.717429,-0.695608,-0.037202,0.717429,-0.695608,0.689383,0.166509,0.704947,-0.689383,0.166509,0.704947,-0.578417,-0.57094,0.582598,0.578417,-0.57094,0.582598]
}