{
    "materials":[{
        "transparent":false,
        "opacity":1,
        "DbgName":"Wood",
        "wireframe":false,
        "visible":true,
        "shading":"lambert",
        "DbgColor":15658734,
        "DbgIndex":0,
        "blending":"NormalBlending",
        "depthTest":true,
        "depthWrite":true,
        "colorEmissive":[0,0,0],
        "colorDiffuse":[0.8,0.401398,0.114972]
    }],
    "uvs":[[0.224911,0.242987]],
    "faces":[43,0,1,2,3,0,0,0,0,0,0,1,2,3,43,1,4,5,2,0,0,0,0,0,1,4,5,2,43,4,6,7,5,0,0,0,0,0,4,6,7,5,43,6,0,3,7,0,0,0,0,0,6,0,3,7,43,3,2,5,7,0,0,0,0,0,3,2,5,7,43,8,9,10,11,0,0,0,0,0,8,9,10,10,43,9,8,12,13,0,0,0,0,0,9,8,11,12,43,1,0,14,15,0,0,0,0,0,1,0,13,14,43,8,16,17,12,0,0,0,0,0,8,15,16,11,43,15,18,4,1,0,0,0,0,0,14,17,4,1,43,16,19,20,17,0,0,0,0,0,15,18,19,16,43,18,21,6,4,0,0,0,0,0,17,20,6,4,43,19,9,13,20,0,0,0,0,0,18,9,12,19,43,0,6,21,14,0,0,0,0,0,0,6,20,13,43,22,23,24,25,0,0,0,0,0,21,22,23,24,43,23,26,27,24,0,0,0,0,0,22,25,26,23,43,26,28,29,27,0,0,0,0,0,25,27,28,26,43,28,22,25,29,0,0,0,0,0,27,21,24,28,43,30,31,32,33,0,0,0,0,0,29,30,31,32,43,31,34,35,32,0,0,0,0,0,30,33,34,31,43,34,36,37,35,0,0,0,0,0,33,35,36,34,43,36,30,33,37,0,0,0,0,0,35,29,32,36,43,38,39,40,41,0,0,0,0,0,37,38,39,40,43,39,42,43,40,0,0,0,0,0,38,41,42,39,43,42,44,45,43,0,0,0,0,0,41,43,44,42,43,44,38,41,45,0,0,0,0,0,43,37,40,44,43,41,40,46,47,0,0,0,0,0,40,39,45,46,43,40,43,48,46,0,0,0,0,0,39,42,47,45,43,43,45,49,48,0,0,0,0,0,42,44,48,47,43,45,41,47,49,0,0,0,0,0,44,40,46,48,43,50,51,52,53,0,0,0,0,0,49,50,51,52,43,53,52,31,30,0,0,0,0,0,52,51,30,29,43,51,54,55,52,0,0,0,0,0,50,53,54,51,43,52,55,34,31,0,0,0,0,0,51,54,33,30,43,54,56,57,55,0,0,0,0,0,53,55,56,54,43,55,57,36,34,0,0,0,0,0,54,56,35,33,43,56,50,53,57,0,0,0,0,0,55,49,52,56,43,57,53,30,36,0,0,0,0,0,56,52,29,35,43,47,46,58,59,0,0,0,0,0,46,45,57,58,43,46,48,60,58,0,0,0,0,0,45,47,59,57,43,48,49,61,60,0,0,0,0,0,47,48,60,59,43,49,47,59,61,0,0,0,0,0,48,46,58,60,43,62,63,39,38,0,0,0,0,0,61,62,38,37,43,63,64,42,39,0,0,0,0,0,62,63,41,38,43,64,65,44,42,0,0,0,0,0,63,64,43,41,43,65,62,38,44,0,0,0,0,0,64,61,37,43,43,66,67,63,62,0,0,0,0,0,65,66,62,61,43,67,68,64,63,0,0,0,0,0,66,67,63,62,43,68,69,65,64,0,0,0,0,0,67,68,64,63,43,69,66,62,65,0,0,0,0,0,68,65,61,64,43,13,12,67,66,0,0,0,0,0,12,11,66,65,43,12,17,68,67,0,0,0,0,0,11,16,67,66,43,17,20,69,68,0,0,0,0,0,16,19,68,67,43,20,13,66,69,0,0,0,0,0,19,12,65,68,43,70,71,23,22,0,0,0,0,0,69,70,22,21,43,71,72,26,23,0,0,0,0,0,70,71,25,22,43,72,73,28,26,0,0,0,0,0,71,72,27,25,43,73,70,22,28,0,0,0,0,0,72,69,21,27,43,25,24,74,75,0,0,0,0,0,24,23,73,74,43,76,77,78,79,0,0,0,0,0,75,76,77,78,43,24,27,80,74,0,0,0,0,0,23,26,79,73,43,77,81,82,78,0,0,0,0,0,76,80,81,77,43,27,29,83,80,0,0,0,0,0,26,28,82,79,43,81,84,85,82,0,0,0,0,0,80,83,84,81,43,29,25,75,83,0,0,0,0,0,28,24,74,82,43,84,76,79,85,0,0,0,0,0,83,75,78,84,43,86,87,88,89,0,0,0,0,0,85,86,87,88,43,89,88,90,91,0,0,0,0,0,88,87,89,90,43,91,90,92,93,0,0,0,0,0,90,89,91,92,43,87,94,95,88,0,0,0,0,0,86,93,94,87,43,88,95,96,90,0,0,0,0,0,87,94,95,89,43,90,96,97,92,0,0,0,0,0,89,95,96,91,43,94,98,99,95,0,0,0,0,0,93,97,98,94,43,95,99,100,96,0,0,0,0,0,94,98,99,95,43,96,100,101,97,0,0,0,0,0,95,99,100,96,43,98,86,89,99,0,0,0,0,0,97,85,88,98,43,99,89,91,100,0,0,0,0,0,98,88,90,99,43,100,91,93,101,0,0,0,0,0,99,90,92,100,43,102,103,87,86,0,0,0,0,0,101,102,86,85,43,103,104,94,87,0,0,0,0,0,102,103,93,86,43,104,105,98,94,0,0,0,0,0,103,104,97,93,43,105,102,86,98,0,0,0,0,0,104,101,85,97,43,93,92,15,14,0,0,0,0,0,92,91,14,13,43,92,97,18,15,0,0,0,0,0,91,96,17,14,43,97,101,21,18,0,0,0,0,0,96,100,20,17,43,101,93,14,21,0,0,0,0,0,100,92,13,20,43,106,107,108,109,0,0,0,0,0,105,106,107,108,43,107,110,111,108,0,0,0,0,0,106,109,110,107,43,110,112,113,111,0,0,0,0,0,109,111,112,110,43,112,106,109,113,0,0,0,0,0,111,105,108,112,43,79,78,114,115,0,0,0,0,0,78,77,113,114,43,116,117,107,106,0,0,0,0,0,115,116,106,105,43,78,82,118,114,0,0,0,0,0,77,81,117,113,43,117,119,110,107,0,0,0,0,0,116,118,109,106,43,82,85,120,118,0,0,0,0,0,81,84,119,117,43,119,121,112,110,0,0,0,0,0,118,120,111,109,43,85,79,115,120,0,0,0,0,0,84,78,114,119,43,121,116,106,112,0,0,0,0,0,120,115,105,111,43,115,114,122,123,0,0,0,0,0,114,113,121,122,43,123,122,117,116,0,0,0,0,0,122,121,116,115,43,114,118,124,122,0,0,0,0,0,113,117,123,121,43,122,124,119,117,0,0,0,0,0,121,123,118,116,43,118,120,125,124,0,0,0,0,0,117,119,124,123,43,124,125,121,119,0,0,0,0,0,123,124,120,118,43,120,115,123,125,0,0,0,0,0,119,114,122,124,43,125,123,116,121,0,0,0,0,0,124,122,115,120,43,109,108,103,102,0,0,0,0,0,108,107,102,101,43,108,111,104,103,0,0,0,0,0,107,110,103,102,43,111,113,105,104,0,0,0,0,0,110,112,104,103,43,113,109,102,105,0,0,0,0,0,112,108,101,104,43,75,74,77,76,0,0,0,0,0,74,73,76,75,43,83,75,76,84,0,0,0,0,0,82,74,75,83,43,80,83,84,81,0,0,0,0,0,79,82,83,80,43,74,80,81,77,0,0,0,0,0,73,79,80,76,43,33,32,71,70,0,0,0,0,0,32,31,70,69,43,32,35,72,71,0,0,0,0,0,31,34,71,70,43,35,37,73,72,0,0,0,0,0,34,36,72,71,43,37,33,70,73,0,0,0,0,0,36,32,69,72,43,59,58,51,50,0,0,0,0,0,58,57,50,49,43,58,60,54,51,0,0,0,0,0,57,59,53,50,43,60,61,56,54,0,0,0,0,0,59,60,55,53,43,61,59,50,56,0,0,0,0,0,60,58,49,55,42,10,126,127,0,0,0,0,10,10,10,42,11,10,127,0,0,0,0,10,10,10,43,9,19,126,10,0,0,0,0,0,9,18,10,10,42,126,128,127,0,0,0,0,10,10,10,42,128,11,127,0,0,0,0,10,10,10,43,19,16,128,126,0,0,0,0,0,18,15,10,10,43,16,8,11,128,0,0,0,0,0,15,8,10,10],
    "name":"Shade.001_Cylinder.000Geometry.1",