{
    "materials":[{
        "transparent":false,
        "opacity":1,
        "DbgName":"Material.002",
        "wireframe":false,
        "visible":true,
        "shading":"lambert",
        "DbgColor":15658734,
        "DbgIndex":0,
        "blending":"NormalBlending",
        "depthTest":true,
        "depthWrite":true,
        "colorEmissive":[0,0,0],
        "colorDiffuse":[1,1,1]
    }],
    "uvs":[[0.408324,0.725798,0.091676,0.725798,0.091676,0.162868,0.408324,0.162868]],
    "faces":[42,6,4,3,0,0,1,2,0,0,0,42,5,6,3,0,3,0,2,0,0,0],
    "name":"Cube.008Geometry.2",
    "vertices":[-3.98328,-0.009599,-4.98328,4.98328,-0.009599,3.98328,4.98328,-0.009599,-4.98328,-3.98328,-0.009599,3.98328,-3.98328,-0.009599,-4.98328,4.98328,-0.009599,3.98328,4.98328,-0.009599,-4.98328],
    "metadata":{
        "materials":1,
        "uvs":1,
        "type":"Geometry",
        "faces":2,
        "generator":"io_three",
        "version":3,
        "vertices":7,
        "normals":1
    },
    "normals":[0,1,0]
}